{
    "web": {
        "client_id": "953239126419-pn2j6fdb7t9u6jckg33r3t946in54bku.apps.googleusercontent.com",
        "project_id": "dev-01-xoom-1597157506511",
        "auth_uri": "https://accounts.google.com/o/oauth2/auth",
        "token_uri": "https://oauth2.googleapis.com/token",
        "auth_provider_x509_cert_url": "https://www.googleapis.com/oauth2/v1/certs",
        "client_secret": "XuY0nlbPlL-wWGABBrEGijbv",
        "redirect_uris": [
            "http://localhost/xactbid/mail-react-app/api/index.php"
        ]
    }
}